# M(STOP) [GeV],M(STOP)-M(NEUTRALINO) [GeV],ACCEPTANCE*EFFICIENCY
220,160,4.6956e-05
220,167,4.3413e-05
250,173,0.00012699
300,173,0.00032929
250,188,0.00017545
300,188,0.00033279
