# M(STOP) [GeV],M(NEUTRALINO) [GeV],ACCEPTANCE*EFFICIENCY
220,53,4.3413e-05
220,60,4.6956e-05
250,62,0.00017545
250,77,0.00012699
300,112,0.00033279
300,127,0.00032929
650,450,0.0010664
