# M(STOP) [GeV],M(NEUTRALINO) [GeV],ACCEPTANCE*EFFICIENCY
250,200,7.1962e-05
250,230,6.5818e-05
250,243,3.6224e-06
300,250,8.4232e-05
300,280,8.5525e-05
300,293,2.9048e-06
350,300,0.00014691
350,330,0.00010105
350,340,1.1291e-05
400,350,0.00019324
400,380,8.0698e-05
450,400,0.00026413
450,430,8.6412e-05
500,450,0.00040791
550,470,0.00026809
500,480,3.9905e-05
550,500,0.00061364
550,530,0.00011336
